Period Ending,Country/Region,CLDR Territory Code,All Requests: Number of Requests,All Requests: % Fully Or Partially Complied With,All Requests: Items Requested To Be Removed,Court Orders: Number of Requests,Court Orders: % Fully Or Partially Complied With,Court Orders: Items Requested To Be Removed,"Other Requests (Executive, Police, etc.): Number of Requests","Other Requests (Executive, Police, etc.): % Fully Or Partially Complied With","Other Requests (Executive, Police, etc.): Items Requested To Be Removed"
2009-12-31,Argentina,AR,42,88,,41,,,1,,
2009-12-31,Armenia,AM,<10,0,,,,,,,
2009-12-31,Australia,AU,17,53,,,,,17,,
2009-12-31,Austria,AT,<10,60,,,,,,,
2009-12-31,Belgium,BE,<10,0,,,,,,,
2009-12-31,Brazil,BR,291,82,,165,,,126,,
2009-12-31,Cambodia,KH,<10,0,,,,,,,
2009-12-31,Canada,CA,16,44,,2,,,14,,
2009-12-31,China,CN,?,?,,,,,,,
2009-12-31,Colombia,CO,<10,0,,,,,,,
2009-12-31,Estonia,EE,<10,100,,,,,,,
2009-12-31,Finland,FI,<10,50,,,,,,,
2009-12-31,France,FR,<10,66,,,,,,,
2009-12-31,Germany,DE,188,94,,109,,,79,,
2009-12-31,India,IN,142,77,,1,,,141,,
2009-12-31,Indonesia,ID,<10,100,,,,,,,
2009-12-31,Ireland,IE,<10,50,,,,,,,
2009-12-31,Israel,IL,<10,20,,,,,,,
2009-12-31,Italy,IT,57,75,,16,,,41,,
2009-12-31,Japan,JP,<10,50,,,,,,,
2009-12-31,Liechtenstein,LI,<10,100,,,,,,,
2009-12-31,Lithuania,LT,<10,0,,,,,,,
2009-12-31,Malaysia,MY,<10,0,,,,,,,
2009-12-31,Malta,MT,<10,100,,,,,,,
2009-12-31,Mexico,MX,<10,33,,,,,,,
2009-12-31,Netherlands,NL,<10,80,,,,,,,
2009-12-31,New Zealand,NZ,<10,0,,,,,,,
2009-12-31,North Macedonia,MK,<10,0,,,,,,,
2009-12-31,Norway,NO,<10,75,,,,,,,
2009-12-31,Pakistan,PK,<10,0,,,,,,,
2009-12-31,Peru,PE,<10,0,,,,,,,
2009-12-31,Russia,RU,<10,100,,,,,,,
2009-12-31,Singapore,SG,<10,50,,,,,,,
2009-12-31,Slovenia,SI,<10,100,,,,,,,
2009-12-31,South Korea,KR,64,89,,,,,64,,
2009-12-31,Spain,ES,32,53,,8,,,24,,
2009-12-31,Sweden,SE,<10,0,,,,,,,
2009-12-31,Switzerland,CH,<10,88,,,,,,,
2009-12-31,Taiwan,TW,<10,50,,,,,,,
2009-12-31,Thailand,TH,<10,100,,,,,,,
2009-12-31,Turkey,TR,<10,66,,,,,,,
2009-12-31,United Kingdom,GB,59,76,,10,,,49,,
2009-12-31,United States,US,123,80,,44,,,79,,
2010-06-30,Argentina,AR,12,83,75,12,,,,,
2010-06-30,Australia,AU,14,93,639,10,,,4,,
2010-06-30,Austria,AT,2,100,143,2,,,,,
2010-06-30,Belgium,BE,<10,100,<10,,,,,,
2010-06-30,Brazil,BR,398,68,19806,177,,,221,,
2010-06-30,Canada,CA,<10,87,<10,,,,,,
2010-06-30,China,CN,?,?,?,,,,,,
2010-06-30,Cyprus,CY,<10,0,<10,,,,,,
2010-06-30,France,FR,25,100,36,14,,,11,,
2010-06-30,Germany,DE,124,94,1407,77,,,47,,
2010-06-30,Greece,GR,<10,100,<10,,,,,,
2010-06-30,Hong Kong,HK,<10,100,<10,,,,,,
2010-06-30,India,IN,30,53,125,8,,,22,,
2010-06-30,Israel,IL,4,75,15,3,,,1,,
2010-06-30,Italy,IT,69,97,1655,31,,,38,,
2010-06-30,Japan,JP,7,100,31,7,,,,,
2010-06-30,Kazakhstan,KZ,<10,0,<10,,,,,,
2010-06-30,Libya,LY,149,70,1177,,,,149,,
2010-06-30,Malta,MT,<10,33,<10,,,,,,
2010-06-30,Mexico,MX,<10,0,<10,,,,,,
2010-06-30,Netherlands,NL,<10,100,<10,,,,,,
2010-06-30,New Zealand,NZ,<10,83,<10,,,,,,
2010-06-30,North Macedonia,MK,<10,0,<10,,,,,,
2010-06-30,Norway,NO,<10,100,<10,,,,,,
2010-06-30,Portugal,PT,<10,100,<10,,,,,,
2010-06-30,Puerto Rico,PR,<10,100,<10,,,,,,
2010-06-30,Russia,RU,<10,0,<10,,,,,,
2010-06-30,Solomon Islands,SB,<10,100,<10,,,,,,
2010-06-30,South Korea,KR,94,100,15549,,,,94,,
2010-06-30,Spain,ES,56,27,78,12,,,44,,
2010-06-30,Sweden,SE,<10,0,<10,,,,,,
2010-06-30,Switzerland,CH,5,80,33,4,,,1,,
2010-06-30,Taiwan,TW,11,0,12,,,,11,,
2010-06-30,Turkey,TR,5,100,81,5,,,,,
2010-06-30,United Kingdom,GB,48,63,232,19,,,29,,
2010-06-30,United States,US,128,83,678,80,,,48,,
2010-12-31,Argentina,AR,22,100,76,21,100,75,1,100,1
2010-12-31,Australia,AU,5,80,7,,,,5,80,7
2010-12-31,Belgium,BE,1,0,1,,,,1,0,1
2010-12-31,Brazil,BR,263,76,12363,146,97,12042,117,50,321
2010-12-31,Canada,CA,7,86,23,7,86,23,,,
2010-12-31,Croatia,HR,1,100,1,,,,1,100,1
2010-12-31,Denmark,DK,1,100,2,,,,1,100,2
2010-12-31,France,FR,23,96,116,17,100,108,6,83,8
2010-12-31,Germany,DE,118,97,1932,72,100,1405,46,91,527
2010-12-31,Greece,GR,1,100,1,,,,1,100,1
2010-12-31,Hong Kong,HK,1,100,4,,,,1,100,4
2010-12-31,India,IN,67,22,282,6,83,9,61,16,273
2010-12-31,Italy,IT,49,100,131,31,100,86,18,100,45
2010-12-31,Japan,JP,26,50,38,11,100,12,15,13,26
2010-12-31,Libya,LY,68,31,203,,,,68,31,203
2010-12-31,Malaysia,MY,2,50,2,,,,2,50,2
2010-12-31,Malta,MT,1,0,2,,,,1,0,2
2010-12-31,Mexico,MX,2,0,7,1,0,2,1,0,5
2010-12-31,Netherlands,NL,4,100,5,1,100,1,3,100,4
2010-12-31,New Zealand,NZ,3,100,3,2,100,2,1,100,1
2010-12-31,Norway,NO,1,0,3,,,,1,0,3
2010-12-31,Pakistan,PK,2,0,2,,,,2,0,2
2010-12-31,Panama,PA,1,100,1,1,100,1,,,
2010-12-31,Russia,RU,1,100,10,,,,1,100,10
2010-12-31,Singapore,SG,1,0,1,,,,1,0,1
2010-12-31,South Korea,KR,139,100,32152,7,100,14,132,100,32138
2010-12-31,Spain,ES,34,38,67,12,100,32,22,5,35
2010-12-31,Switzerland,CH,4,100,18,4,100,18,,,
2010-12-31,Taiwan,TW,4,25,4,,,,4,25,4
2010-12-31,Thailand,TH,1,100,43,,,,1,100,43
2010-12-31,Turkey,TR,6,100,19,6,100,19,,,
2010-12-31,United Kingdom,GB,38,89,93518,18,100,117,20,80,93401
2010-12-31,United States,US,54,87,1421,39,97,1381,15,60,40
2010-12-31,Vietnam,VN,1,0,1,1,0,1,,,
2011-06-30,Argentina,AR,21,100,59,20,100,55,1,100,4
2011-06-30,Australia,AU,10,40,10,2,0,2,8,50,8
2011-06-30,Belgium,BE,5,100,7,2,100,2,3,100,5
2011-06-30,Brazil,BR,224,67,692,140,93,445,84,25,247
2011-06-30,Canada,CA,9,56,13,3,100,6,6,33,7
2011-06-30,China,CN,3,67,121,,,,3,67,121
2011-06-30,Colombia,CO,1,0,1,,,,1,0,1
2011-06-30,Cook Islands,CK,2,100,2,2,100,2,,,
2011-06-30,Denmark,DK,1,100,1,,,,1,100,1
2011-06-30,France,FR,9,78,250,8,88,248,1,0,2
2011-06-30,Germany,DE,125,86,2405,77,95,1842,48,73,563
2011-06-30,Greece,GR,1,100,2,1,100,2,,,
2011-06-30,India,IN,68,51,360,3,67,13,65,51,347
2011-06-30,Indonesia,ID,1,0,1,,,,1,0,1
2011-06-30,Ireland,IE,1,0,1,,,,1,0,1
2011-06-30,Israel,IL,4,25,4,3,33,3,1,0,1
2011-06-30,Italy,IT,37,84,81,25,92,57,12,67,24
2011-06-30,Libya,LY,2,0,5,,,,2,0,5
2011-06-30,Malaysia,MY,1,0,1,,,,1,0,1
2011-06-30,Netherlands,NL,4,100,16,2,100,14,2,100,2
2011-06-30,New Zealand,NZ,5,60,7,1,0,1,4,75,6
2011-06-30,Norway,NO,2,100,1814,,,,2,100,1814
2011-06-30,Pakistan,PK,1,0,1,1,0,1,,,
2011-06-30,Poland,PL,3,67,72,1,100,1,2,50,71
2011-06-30,Portugal,PT,6,83,9,4,100,6,2,50,3
2011-06-30,Russia,RU,4,75,5,,,,4,75,5
2011-06-30,South Korea,KR,88,84,646,,,,88,84,646
2011-06-30,Spain,ES,39,18,58,4,100,8,35,9,50
2011-06-30,Sri Lanka,LK,1,100,1,1,100,1,,,
2011-06-30,Sweden,SE,1,100,2,,,,1,100,2
2011-06-30,Switzerland,CH,3,100,5,3,100,5,,,
2011-06-30,Taiwan,TW,69,12,115,5,20,5,64,11,110
2011-06-30,Thailand,TH,2,100,225,,,,2,100,225
2011-06-30,Turkey,TR,40,73,269,12,58,47,28,79,222
2011-06-30,United Kingdom,GB,65,82,333,12,75,117,53,83,216
2011-06-30,United States,US,92,63,757,55,75,653,37,46,104
2011-12-31,Argentina,AR,46,96,266,39,97,247,7,86,19
2011-12-31,Australia,AU,17,35,646,6,17,633,11,45,13
2011-12-31,Austria,AT,4,100,22,4,100,22,,,
2011-12-31,Belgium,BE,11,73,15,1,100,4,10,70,11
2011-12-31,Bolivia,BO,1,100,1,1,100,1,,,
2011-12-31,Brazil,BR,194,54,554,128,69,397,66,26,157
2011-12-31,Canada,CA,19,63,162,4,50,137,15,67,25
2011-12-31,Colombia,CO,4,50,4,,,,4,50,4
2011-12-31,Cook Islands,CK,1,100,10,1,100,10,,,
2011-12-31,Cyprus,CY,3,33,4,,,,3,33,4
2011-12-31,Czechia,CZ,1,0,1,,,,1,0,1
2011-12-31,Denmark,DK,1,0,1,,,,1,0,1
2011-12-31,France,FR,32,56,87,13,69,48,19,47,39
2011-12-31,Germany,DE,103,77,1722,60,80,1304,43,72,418
2011-12-31,India,IN,101,29,255,5,80,9,96,26,246
2011-12-31,Indonesia,ID,1,0,1,1,0,1,,,
2011-12-31,Israel,IL,5,20,79,2,0,2,3,33,77
2011-12-31,Italy,IT,28,64,96,20,70,45,8,50,51
2011-12-31,Japan,JP,7,29,24,4,50,20,3,0,4
2011-12-31,Jordan,JO,1,0,1,,,,1,0,1
2011-12-31,Kazakhstan,KZ,1,100,2,,,,1,100,2
2011-12-31,Malaysia,MY,1,100,1,,,,1,100,1
2011-12-31,Malta,MT,2,0,3,,,,2,0,3
2011-12-31,Mexico,MX,2,0,2,,,,2,0,2
2011-12-31,Netherlands,NL,2,50,2,1,100,1,1,0,1
2011-12-31,New Zealand,NZ,1,100,3,1,100,3,,,
2011-12-31,North Macedonia,MK,2,0,2,,,,2,0,2
2011-12-31,Norway,NO,3,67,23,1,100,10,2,50,13
2011-12-31,Pakistan,PK,2,50,15,,,,2,50,15
2011-12-31,Panama,PA,1,0,1,,,,1,0,1
2011-12-31,Poland,PL,2,0,10,,,,2,0,10
2011-12-31,Portugal,PT,3,100,9,3,100,9,,,
2011-12-31,Russia,RU,4,25,4,1,0,1,3,33,3
2011-12-31,Singapore,SG,1,0,2,1,0,2,,,
2011-12-31,Slovenia,SI,1,0,3,,,,1,0,3
2011-12-31,South Korea,KR,99,81,266,,,,99,81,266
2011-12-31,Spain,ES,43,37,307,18,78,24,25,8,283
2011-12-31,Sweden,SE,1,100,2,1,100,2,,,
2011-12-31,Switzerland,CH,8,100,66,7,100,65,1,100,1
2011-12-31,Taiwan,TW,8,0,27,,,,8,0,27
2011-12-31,Thailand,TH,4,100,149,,,,4,100,149
2011-12-31,Turkey,TR,45,56,174,22,64,104,23,48,70
2011-12-31,Ukraine,UA,2,100,8,2,100,8,,,
2011-12-31,United Kingdom,GB,49,55,847,12,58,97,37,54,750
2011-12-31,United States,US,187,42,6192,117,40,3851,70,44,2341
2012-06-30,Argentina,AR,24,83,210,21,90,200,3,33,10
2012-06-30,Australia,AU,13,15,92,5,0,80,8,25,12
2012-06-30,Austria,AT,2,100,10,2,100,10,,,
2012-06-30,Azerbaijan,AZ,2,0,2,1,0,1,1,0,1
2012-06-30,Belgium,BE,10,60,13,,,,10,60,13
2012-06-30,Bosnia & Herzegovina,BA,1,0,1,1,0,1,,,
2012-06-30,Brazil,BR,191,55,2310,143,70,2220,48,10,90
2012-06-30,Canada,CA,33,58,207,16,81,179,17,35,28
2012-06-30,China,CN,1,0,1,,,,1,0,1
2012-06-30,Cook Islands,CK,1,100,1,1,100,1,,,
2012-06-30,Cyprus,CY,1,100,1,,,,1,100,1
2012-06-30,France,FR,73,73,1251,38,84,1192,35,60,59
2012-06-30,Germany,DE,247,81,1903,180,82,1050,67,78,853
2012-06-30,Greece,GR,3,33,9,1,0,7,2,50,2
2012-06-30,Hong Kong,HK,1,0,370,,,,1,0,370
2012-06-30,Hungary,HU,2,0,2,,,,2,0,2
2012-06-30,India,IN,84,33,596,20,65,487,64,23,109
2012-06-30,Indonesia,ID,3,100,7,,,,3,100,7
2012-06-30,Ireland,IE,1,0,1,,,,1,0,1
2012-06-30,Israel,IL,4,50,7,3,67,6,1,0,1
2012-06-30,Italy,IT,25,68,274,18,83,220,7,29,54
2012-06-30,Japan,JP,16,25,116,14,29,110,2,0,6
2012-06-30,Kazakhstan,KZ,2,50,17,,,,2,50,17
2012-06-30,Lithuania,LT,1,0,6,,,,1,0,6
2012-06-30,Malaysia,MY,2,50,2,,,,2,50,2
2012-06-30,Malta,MT,4,25,19,1,0,15,3,33,4
2012-06-30,Mauritius,MU,2,0,2,,,,2,0,2
2012-06-30,Mexico,MX,5,80,5,4,75,4,1,100,1
2012-06-30,Monaco,MC,1,100,5,,,,1,100,5
2012-06-30,Netherlands,NL,10,80,217,7,71,212,3,100,5
2012-06-30,New Zealand,NZ,4,75,15,2,50,13,2,100,2
2012-06-30,North Macedonia,MK,1,0,1,,,,1,0,1
2012-06-30,Pakistan,PK,4,25,11,2,50,9,2,0,2
2012-06-30,Peru,PE,2,0,7,2,0,7,,,
2012-06-30,Philippines,PH,4,0,8,,,,4,0,8
2012-06-30,Poland,PL,3,67,7,,,,3,67,7
2012-06-30,Portugal,PT,2,0,4,1,0,1,1,0,3
2012-06-30,Russia,RU,6,67,176,2,0,2,4,100,174
2012-06-30,Saudi Arabia,SA,1,0,1,,,,1,0,1
2012-06-30,Singapore,SG,2,50,4,1,0,2,1,100,2
2012-06-30,Slovakia,SK,1,100,2,,,,1,100,2
2012-06-30,Slovenia,SI,2,0,2,2,0,2,,,
2012-06-30,South Africa,ZA,3,100,11,3,100,11,,,
2012-06-30,South Korea,KR,52,56,499,1,100,1,51,55,498
2012-06-30,Spain,ES,69,19,174,17,47,18,52,10,156
2012-06-30,Sweden,SE,2,100,2,,,,2,100,2
2012-06-30,Switzerland,CH,4,50,6,4,50,6,,,
2012-06-30,Taiwan,TW,10,0,15,2,0,6,8,0,9
2012-06-30,Thailand,TH,2,100,14,,,,2,100,14
2012-06-30,Trinidad & Tobago,TT,1,0,10,,,,1,0,10
2012-06-30,Turkey,TR,501,45,2084,48,46,102,453,45,1982
2012-06-30,United Kingdom,GB,97,61,3193,18,56,2989,79,62,204
2012-06-30,United States,US,273,45,4167,209,46,3613,64,44,554
2012-12-31,Argentina,AR,60,82,171,51,96,160,9,0,11
2012-12-31,Australia,AU,16,31,145,6,0,13,10,50,132
2012-12-31,Austria,AT,6,50,130,4,50,128,2,50,2
2012-12-31,Bangladesh,BD,3,0,11,,,,3,0,11
2012-12-31,Belgium,BE,20,65,32,2,100,9,18,61,23
2012-12-31,Brazil,BR,697,21,1731,640,21,1654,57,19,77
2012-12-31,Brunei,BN,1,0,1,,,,1,0,1
2012-12-31,Canada,CA,12,50,292,7,71,285,5,20,7
2012-12-31,Chile,CL,4,50,4,2,100,2,2,0,2
2012-12-31,Colombia,CO,2,0,2,,,,2,0,2
2012-12-31,Croatia,HR,1,0,2,1,0,2,,,
2012-12-31,Cyprus,CY,1,100,1,,,,1,100,1
2012-12-31,Czechia,CZ,3,67,11,3,67,11,,,
2012-12-31,Denmark,DK,2,0,19,1,0,17,1,0,2
2012-12-31,Djibouti,DJ,1,0,1,,,,1,0,1
2012-12-31,Dominican Republic,DO,1,0,1,,,,1,0,1
2012-12-31,Egypt,EG,1,0,1,,,,1,0,1
2012-12-31,France,FR,58,69,332,32,78,282,26,58,50
2012-12-31,Germany,DE,231,77,1105,192,78,616,39,72,489
2012-12-31,Greece,GR,6,33,18,2,50,3,4,25,15
2012-12-31,Hungary,HU,3,33,31,2,50,30,1,0,1
2012-12-31,India,IN,160,36,2942,38,53,413,122,30,2529
2012-12-31,Indonesia,ID,3,33,47,,,,3,33,47
2012-12-31,Iran,IR,1,0,4,,,,1,0,4
2012-12-31,Ireland,IE,4,50,11,,,,4,50,11
2012-12-31,Israel,IL,8,38,13,2,100,5,6,17,8
2012-12-31,Italy,IT,27,70,111,23,74,107,4,50,4
2012-12-31,Japan,JP,9,22,91,6,17,78,3,33,13
2012-12-31,Jordan,JO,4,50,233,,,,4,50,233
2012-12-31,Kazakhstan,KZ,2,100,23,,,,2,100,23
2012-12-31,Kenya,KE,1,0,1,1,0,1,,,
2012-12-31,Kosovo,XK,4,0,12,,,,4,0,12
2012-12-31,Lebanon,LB,3,0,3,1,0,1,2,0,2
2012-12-31,Luxembourg,LU,1,100,1,1,100,1,,,
2012-12-31,Madagascar,MG,2,50,2,2,50,2,,,
2012-12-31,Malaysia,MY,12,83,582,,,,12,83,582
2012-12-31,Maldives,MV,1,0,1,,,,1,0,1
2012-12-31,Mexico,MX,11,27,16,2,50,6,9,22,10
2012-12-31,Monaco,MC,1,0,5,1,0,5,,,
2012-12-31,Nepal,NP,1,100,4,,,,1,100,4
2012-12-31,Netherlands,NL,8,88,42,6,83,40,2,100,2
2012-12-31,New Zealand,NZ,7,14,49,4,0,13,3,33,36
2012-12-31,North Macedonia,MK,1,0,1,,,,1,0,1
2012-12-31,Norway,NO,2,100,5,,,,2,100,5
2012-12-31,Pakistan,PK,2,0,7,1,0,6,1,0,1
2012-12-31,Palestine,PS,1,0,5,1,0,5,,,
2012-12-31,Peru,PE,6,0,11,1,0,1,5,0,10
2012-12-31,Poland,PL,8,25,16,4,50,12,4,0,4
2012-12-31,Portugal,PT,5,60,9,5,60,9,,,
2012-12-31,Russia,RU,114,77,114,3,0,3,111,79,111
2012-12-31,Saudi Arabia,SA,5,80,353,,,,5,80,353
2012-12-31,Sierra Leone,SL,1,0,60,,,,1,0,60
2012-12-31,Singapore,SG,2,50,7,,,,2,50,7
2012-12-31,Slovenia,SI,2,0,4,2,0,4,,,
2012-12-31,South Africa,ZA,3,33,8,3,33,8,,,
2012-12-31,South Korea,KR,56,88,721,,,,56,88,721
2012-12-31,Spain,ES,71,31,189,12,67,17,59,24,172
2012-12-31,Sweden,SE,1,100,1,,,,1,100,1
2012-12-31,Switzerland,CH,12,100,87,11,100,72,1,100,15
2012-12-31,Taiwan,TW,10,10,13,,,,10,10,13
2012-12-31,Timor-Leste,TL,1,0,1,,,,1,0,1
2012-12-31,Turkey,TR,157,55,10038,87,62,8751,70,47,1287
2012-12-31,Ukraine,UA,1,0,1,,,,1,0,1
2012-12-31,United Arab Emirates,AE,4,25,63,1,0,13,3,33,50
2012-12-31,United Kingdom,GB,103,48,286,36,50,101,67,46,185
2012-12-31,United States,US,321,45,3956,262,45,3624,59,46,332
2012-12-31,Venezuela,VE,1,100,1,,,,1,100,1
2013-06-30,Argentina,AR,41,78,1751,35,91,1738,6,0,13
2013-06-30,Armenia,AM,1,0,3,,,,1,0,3
2013-06-30,Australia,AU,19,42,26,5,20,9,14,50,17
2013-06-30,Austria,AT,1,100,2,1,100,2,,,
2013-06-30,Bahrain,BH,1,0,1,,,,1,0,1
2013-06-30,Bangladesh,BD,1,0,4,,,,1,0,4
2013-06-30,Belgium,BE,15,40,134,3,0,10,12,50,124
2013-06-30,Bolivia,BO,1,0,1,,,,1,0,1
2013-06-30,Brazil,BR,321,48,1635,237,46,1416,84,52,219
2013-06-30,Bulgaria,BG,2,0,2,,,,2,0,2
2013-06-30,Canada,CA,28,64,372,18,83,362,10,30,10
2013-06-30,Chile,CL,3,33,4,1,100,1,2,0,3
2013-06-30,China,CN,1,0,38,1,0,38,,,
2013-06-30,Colombia,CO,6,0,12,,,,6,0,12
2013-06-30,Cyprus,CY,2,0,2,,,,2,0,2
2013-06-30,Czechia,CZ,3,33,4,3,33,4,,,
2013-06-30,Denmark,DK,3,33,19,2,50,18,1,0,1
2013-06-30,Ecuador,EC,1,100,2,,,,1,100,2
2013-06-30,Egypt,EG,4,100,105,2,100,76,2,100,29
2013-06-30,Europol,,1,100,1,,,,1,100,1
2013-06-30,Finland,FI,2,50,4,,,,2,50,4
2013-06-30,France,FR,105,44,325,57,58,219,48,27,106
2013-06-30,Georgia,GE,1,0,3,,,,1,0,3
2013-06-30,Germany,DE,138,74,910,96,74,797,42,74,113
2013-06-30,Greece,GR,4,25,4,3,33,3,1,0,1
2013-06-30,Guatemala,GT,2,50,2,2,50,2,,,
2013-06-30,Hong Kong,HK,1,0,1,,,,1,0,1
2013-06-30,India,IN,163,20,714,16,38,42,147,18,672
2013-06-30,Indonesia,ID,3,67,49,,,,3,67,49
2013-06-30,Interpol,,2,0,2,,,,2,0,2
2013-06-30,Ireland,IE,2,50,2,,,,2,50,2
2013-06-30,Israel,IL,22,59,56,14,64,35,8,50,21
2013-06-30,Italy,IT,33,55,142,27,56,135,6,50,7
2013-06-30,Japan,JP,35,20,70,25,28,58,10,0,12
2013-06-30,Kazakhstan,KZ,3,67,209,,,,3,67,209
2013-06-30,Kuwait,KW,1,100,1,,,,1,100,1
2013-06-30,Malaysia,MY,5,0,10,1,0,1,4,0,9
2013-06-30,Maldives,MV,1,0,1,,,,1,0,1
2013-06-30,Mauritius,MU,1,0,1,1,0,1,,,
2013-06-30,Mexico,MX,12,17,34,1,0,1,11,18,33
2013-06-30,Monaco,MC,5,80,7,3,100,4,2,50,3
2013-06-30,Netherlands,NL,17,76,45,13,77,40,4,75,5
2013-06-30,New Zealand,NZ,7,29,10,4,25,5,3,33,5
2013-06-30,Nicaragua,NI,1,0,1,,,,1,0,1
2013-06-30,Norway,NO,2,0,2,,,,2,0,2
2013-06-30,Pakistan,PK,1,100,1,,,,1,100,1
2013-06-30,Panama,PA,3,0,6,3,0,6,,,
2013-06-30,Peru,PE,11,0,11,3,0,3,8,0,8
2013-06-30,Poland,PL,6,0,8,4,0,6,2,0,2
2013-06-30,Portugal,PT,6,50,30,3,100,27,3,0,3
2013-06-30,Russia,RU,257,66,277,4,25,4,253,67,273
2013-06-30,Saudi Arabia,SA,5,0,5,,,,5,0,5
2013-06-30,Singapore,SG,2,50,6,1,100,5,1,0,1
2013-06-30,South Africa,ZA,6,0,9,5,0,8,1,0,1
2013-06-30,South Korea,KR,65,62,508,,,,65,62,508
2013-06-30,Spain,ES,57,40,106,21,57,45,36,31,61
2013-06-30,Sweden,SE,3,100,3,1,100,1,2,100,2
2013-06-30,Switzerland,CH,50,64,319,49,65,318,1,0,1
2013-06-30,Taiwan,TW,12,8,116,1,0,95,11,9,21
2013-06-30,Thailand,TH,1,0,1,1,0,1,,,
2013-06-30,Togo,TG,1,0,1,,,,1,0,1
2013-06-30,Turkey,TR,1673,17,12162,184,42,9610,1489,13,2552
2013-06-30,United Arab Emirates,AE,1,100,1,,,,1,100,1
2013-06-30,United Kingdom,GB,117,56,556,46,63,368,71,52,188
2013-06-30,United States,US,545,55,3887,438,55,3415,107,57,472
2013-06-30,Venezuela,VE,1,0,1,,,,1,0,1
2013-12-31,Afghanistan,AF,1,100,2,,,,1,100,2
2013-12-31,Argentina,AR,27,41,265,23,43,248,4,25,17
2013-12-31,Australia,AU,19,37,20,10,50,10,9,22,10
2013-12-31,Austria,AT,4,50,8,4,50,8,,,
2013-12-31,Bangladesh,BD,1,100,3,,,,1,100,3
2013-12-31,Belgium,BE,8,50,16,3,33,7,5,60,9
2013-12-31,Brazil,BR,388,42,3562,362,43,3495,26,35,67
2013-12-31,Canada,CA,27,59,67,20,55,57,7,71,10
2013-12-31,Chile,CL,1,0,5,,,,1,0,5
2013-12-31,China,CN,3,0,103,1,0,95,2,0,8
2013-12-31,Colombia,CO,4,0,7,2,0,5,2,0,2
2013-12-31,Cook Islands,CK,2,50,3,2,50,3,,,
2013-12-31,Denmark,DK,4,0,5,2,0,3,2,0,2
2013-12-31,Ecuador,EC,2,0,7,,,,2,0,7
2013-12-31,Finland,FI,3,0,4,1,0,1,2,0,3
2013-12-31,France,FR,88,43,213,63,54,179,25,16,34
2013-12-31,Georgia,GE,1,0,1,,,,1,0,1
2013-12-31,Germany,DE,164,56,858,116,51,574,48,69,284
2013-12-31,Greece,GR,6,83,22,3,100,4,3,67,18
2013-12-31,Guatemala,GT,1,100,1,,,,1,100,1
2013-12-31,Hong Kong,HK,1,0,3,,,,1,0,3
2013-12-31,India,IN,154,27,540,21,52,118,133,23,422
2013-12-31,Indonesia,ID,4,25,10,1,0,1,3,33,9
2013-12-31,Ireland,IE,4,50,9,2,100,7,2,0,2
2013-12-31,Israel,IL,19,42,64,16,50,60,3,0,4
2013-12-31,Italy,IT,65,65,1200,54,69,1189,11,45,11
2013-12-31,Japan,JP,41,49,590,29,66,538,12,8,52
2013-12-31,Kazakhstan,KZ,1,100,1,,,,1,100,1
2013-12-31,Malaysia,MY,7,43,36,,,,7,43,36
2013-12-31,Mexico,MX,6,17,6,5,20,5,1,0,1
2013-12-31,Monaco,MC,2,100,30,,,,2,100,30
2013-12-31,Netherlands,NL,12,33,30,12,33,30,,,
2013-12-31,New Zealand,NZ,2,50,2,,,,2,50,2
2013-12-31,Nigeria,NG,2,0,3,,,,2,0,3
2013-12-31,North Macedonia,MK,1,0,1,,,,1,0,1
2013-12-31,Norway,NO,2,50,20,1,0,4,1,100,16
2013-12-31,Pakistan,PK,4,25,5,1,0,1,3,33,4
2013-12-31,Panama,PA,1,0,1,1,0,1,,,
2013-12-31,Peru,PE,3,0,3,,,,3,0,3
2013-12-31,Philippines,PH,2,50,20,,,,2,50,20
2013-12-31,Poland,PL,4,75,6,3,100,5,1,0,1
2013-12-31,Portugal,PT,2,100,2,1,100,1,1,100,1
2013-12-31,Qatar,QA,1,0,1,,,,1,0,1
2013-12-31,Romania,RO,8,0,14,6,0,12,2,0,2
2013-12-31,Russia,RU,324,81,338,3,100,4,321,80,334
2013-12-31,Saudi Arabia,SA,1,100,1,,,,1,100,1
2013-12-31,Serbia,RS,1,100,2,,,,1,100,2
2013-12-31,Singapore,SG,3,33,6,1,0,2,2,50,4
2013-12-31,Slovakia,SK,1,0,3,,,,1,0,3
2013-12-31,Slovenia,SI,1,0,1,1,0,1,,,
2013-12-31,South Africa,ZA,1,0,33,,,,1,0,33
2013-12-31,South Korea,KR,48,50,132,2,50,34,46,50,98
2013-12-31,Spain,ES,68,18,130,27,26,60,41,12,70
2013-12-31,Sri Lanka,LK,1,0,1,,,,1,0,1
2013-12-31,Sweden,SE,2,0,2,2,0,2,,,
2013-12-31,Switzerland,CH,9,67,16,9,67,16,,,
2013-12-31,Taiwan,TW,14,14,33,2,50,11,12,8,22
2013-12-31,Thailand,TH,11,27,322,,,,11,27,322
2013-12-31,Turkey,TR,895,17,1803,172,38,734,723,12,1069
2013-12-31,Ukraine,UA,7,86,8,,,,7,86,8
2013-12-31,United Arab Emirates,AE,2,100,3,2,100,3,,,
2013-12-31,United Kingdom,GB,132,45,366,59,42,172,73,47,194
2013-12-31,United States,US,481,46,3667,399,51,3505,82,23,162
2013-12-31,Venezuela,VE,1,0,1,,,,1,0,1
2014-06-30,Afghanistan,AF,3,67,5,,,,3,67,5
2014-06-30,Argentina,AR,23,65,110,21,71,108,2,0,2
2014-06-30,Australia,AU,30,33,88,12,17,61,18,44,27
2014-06-30,Bangladesh,BD,3,33,25,,,,3,33,25
2014-06-30,Belarus,BY,1,0,1,1,0,1,,,
2014-06-30,Belgium,BE,6,50,9,,,,6,50,9
2014-06-30,Bolivia,BO,1,0,2,1,0,2,,,
2014-06-30,Bosnia & Herzegovina,BA,1,0,5,,,,1,0,5
2014-06-30,Brazil,BR,342,71,1244,329,73,1227,13,23,17
2014-06-30,Bulgaria,BG,1,0,6,,,,1,0,6
2014-06-30,Canada,CA,32,59,98,21,43,67,11,91,31
2014-06-30,Chile,CL,1,0,1,1,0,1,,,
2014-06-30,China,CN,23,61,258,3,0,13,20,70,245
2014-06-30,Colombia,CO,3,0,12,1,0,1,2,0,11
2014-06-30,Dominican Republic,DO,1,0,4,,,,1,0,4
2014-06-30,Ecuador,EC,1,0,1,1,0,1,,,
2014-06-30,Egypt,EG,3,100,38,1,100,22,2,100,16
2014-06-30,El Salvador,SV,2,0,9,2,0,9,,,
2014-06-30,France,FR,109,48,902,79,63,828,30,7,74
2014-06-30,Germany,DE,151,62,584,99,76,453,52,37,131
2014-06-30,Greece,GR,12,83,61,9,100,56,3,33,5
2014-06-30,Guatemala,GT,1,0,1,,,,1,0,1
2014-06-30,Hong Kong,HK,4,25,13,,,,4,25,13
2014-06-30,India,IN,295,8,535,9,11,9,286,8,526
2014-06-30,Indonesia,ID,2,0,2,1,0,1,1,0,1
2014-06-30,Ireland,IE,1,0,2,,,,1,0,2
2014-06-30,Israel,IL,35,26,90,33,27,85,2,0,5
2014-06-30,Italy,IT,95,66,3888,79,76,3852,16,19,36
2014-06-30,Japan,JP,38,58,149,30,70,129,8,13,20
2014-06-30,Malaysia,MY,1,100,1,,,,1,100,1
2014-06-30,Mexico,MX,10,10,13,2,0,3,8,13,10
2014-06-30,Monaco,MC,1,100,1,1,100,1,,,
2014-06-30,Mongolia,MN,1,0,2,,,,1,0,2
2014-06-30,Morocco,MA,2,0,6,,,,2,0,6
2014-06-30,Netherlands,NL,24,63,119,24,63,119,,,
2014-06-30,New Zealand,NZ,2,50,2,,,,2,50,2
2014-06-30,Nigeria,NG,1,0,1,,,,1,0,1
2014-06-30,Pakistan,PK,1,0,2,,,,1,0,2
2014-06-30,Panama,PA,1,0,1,,,,1,0,1
2014-06-30,Peru,PE,5,0,12,1,0,1,4,0,11
2014-06-30,Poland,PL,7,29,20,6,17,19,1,100,1
2014-06-30,Portugal,PT,2,50,21,2,50,21,,,
2014-06-30,Romania,RO,1,0,11,,,,1,0,11
2014-06-30,Russia,RU,745,91,805,17,76,48,728,92,757
2014-06-30,San Marino,SM,1,0,2,1,0,2,,,
2014-06-30,Singapore,SG,2,50,3,1,100,2,1,0,1
2014-06-30,South Africa,ZA,2,0,3,2,0,3,,,
2014-06-30,South Korea,KR,81,68,1885,6,83,14,75,67,1871
2014-06-30,Spain,ES,46,33,79,27,37,54,19,26,25
2014-06-30,Sri Lanka,LK,1,0,1,,,,1,0,1
2014-06-30,Sweden,SE,2,50,81,1,0,1,1,100,80
2014-06-30,Switzerland,CH,14,64,402,12,75,400,2,0,2
2014-06-30,Taiwan,TW,10,30,27,2,100,2,8,13,25
2014-06-30,Thailand,TH,18,56,73,,,,18,56,73
2014-06-30,Turkey,TR,487,32,2284,152,38,572,335,30,1712
2014-06-30,Ukraine,UA,3,0,14,1,0,1,2,0,13
2014-06-30,United Arab Emirates,AE,13,85,23,2,100,3,11,82,20
2014-06-30,United Kingdom,GB,89,51,322,31,61,222,58,45,100
2014-06-30,United States,US,525,50,5799,446,53,5457,79,33,342
2014-06-30,Uruguay,UY,1,0,14,1,0,14,,,
2014-06-30,Vatican City,VA,1,100,1,1,100,1,,,
2014-06-30,Venezuela,VE,1,0,1,,,,1,0,1
2014-06-30,Vietnam,VN,1,0,1,,,,1,0,1
2014-12-31,Afghanistan,AF,2,0,2,,,,2,0,2
2014-12-31,Argentina,AR,20,75,722,18,83,720,2,0,2
2014-12-31,Australia,AU,28,32,50,15,27,32,13,38,18
2014-12-31,Austria,AT,3,33,3,2,50,2,1,0,1
2014-12-31,Belgium,BE,6,17,28,2,50,3,4,0,25
2014-12-31,Bolivia,BO,1,100,3,1,100,3,,,
2014-12-31,Brazil,BR,527,58,2306,514,59,2273,13,38,33
2014-12-31,Canada,CA,48,63,203,16,38,163,32,75,40
2014-12-31,Chile,CL,1,100,2,1,100,2,,,
2014-12-31,China,CN,5,80,46,,,,5,80,46
2014-12-31,Colombia,CO,7,14,298,4,25,295,3,0,3
2014-12-31,Croatia,HR,1,0,15,1,0,15,,,
2014-12-31,Czechia,CZ,1,0,1,,,,1,0,1
2014-12-31,Denmark,DK,2,50,3,1,0,2,1,100,1
2014-12-31,Dominican Republic,DO,1,0,1,1,0,1,,,
2014-12-31,Ecuador,EC,3,0,3,1,0,1,2,0,2
2014-12-31,Egypt,EG,1,0,1,,,,1,0,1
2014-12-31,Finland,FI,1,100,1,1,100,1,,,
2014-12-31,France,FR,167,95,2925,159,97,1259,8,38,1666
2014-12-31,Georgia,GE,1,0,1,,,,1,0,1
2014-12-31,Germany,DE,36,67,95,13,54,44,23,74,51
2014-12-31,Greece,GR,5,40,44,3,33,42,2,50,2
2014-12-31,Guatemala,GT,3,67,17,,,,3,67,17
2014-12-31,Hong Kong,HK,5,20,24,2,50,21,3,0,3
2014-12-31,Hungary,HU,2,50,2,2,50,2,,,
2014-12-31,India,IN,253,9,624,8,25,14,245,8,610
2014-12-31,Indonesia,ID,7,86,71,,,,7,86,71
2014-12-31,Ireland,IE,3,33,13,,,,3,33,13
2014-12-31,Israel,IL,52,44,168,45,42,145,7,57,23
2014-12-31,Italy,IT,67,84,1399,56,89,1387,11,55,12
2014-12-31,Japan,JP,74,46,1181,62,50,1168,12,25,13
2014-12-31,Kazakhstan,KZ,1,0,1,,,,1,0,1
2014-12-31,Lithuania,LT,2,0,2,1,0,1,1,0,1
2014-12-31,Mexico,MX,15,0,18,1,0,1,14,0,17
2014-12-31,Mongolia,MN,4,0,14,,,,4,0,14
2014-12-31,Montenegro,ME,6,0,12,,,,6,0,12
2014-12-31,Netherlands,NL,6,33,11,5,40,8,1,0,3
2014-12-31,New Zealand,NZ,9,67,18,6,67,12,3,67,6
2014-12-31,Oman,OM,1,100,8,,,,1,100,8
2014-12-31,Pakistan,PK,1,0,1,1,0,1,,,
2014-12-31,Panama,PA,4,0,4,4,0,4,,,
2014-12-31,Peru,PE,5,0,6,,,,5,0,6
2014-12-31,Philippines,PH,4,100,6,2,100,4,2,100,2
2014-12-31,Poland,PL,3,67,4,1,0,2,2,100,2
2014-12-31,Portugal,PT,2,50,3,1,100,2,1,0,1
2014-12-31,Qatar,QA,2,0,2,,,,2,0,2
2014-12-31,Romania,RO,5,0,15,,,,5,0,15
2014-12-31,Russia,RU,1031,72,1087,10,50,24,1021,72,1063
2014-12-31,Serbia,RS,1,0,6,1,0,6,,,
2014-12-31,Slovakia,SK,1,0,1,,,,1,0,1
2014-12-31,South Africa,ZA,4,0,21,4,0,21,,,
2014-12-31,South Korea,KR,110,88,10701,2,100,2,108,88,10699
2014-12-31,Spain,ES,26,54,41,14,50,25,12,58,16
2014-12-31,Sri Lanka,LK,1,0,1,,,,1,0,1
2014-12-31,Switzerland,CH,2,50,6,2,50,6,,,
2014-12-31,Taiwan,TW,37,22,125,33,24,110,4,0,15
2014-12-31,Thailand,TH,21,57,75,1,0,1,20,60,74
2014-12-31,Turkey,TR,370,38,1249,247,32,861,123,50,388
2014-12-31,Ukraine,UA,18,6,172,2,0,4,16,6,168
2014-12-31,United Arab Emirates,AE,28,86,52,,,,28,86,52
2014-12-31,United Kingdom,GB,60,33,167,22,32,112,38,34,55
2014-12-31,United States,US,406,58,2030,338,58,1818,68,60,212
2014-12-31,Uruguay,UY,1,0,13,1,0,13,,,
2014-12-31,Venezuela,VE,2,50,3,1,100,2,1,0,1
2014-12-31,Vietnam,VN,1,0,3,,,,1,0,3
2015-06-30,Afghanistan,AF,1,100,1,,,,1,100,1
2015-06-30,Argentina,AR,38,84,409,38,84,409,,,
2015-06-30,Australia,AU,15,60,49,11,64,37,4,50,12
2015-06-30,Belgium,BE,1,100,1,1,100,1,,,
2015-06-30,Brazil,BR,286,54,2018,279,54,2008,7,29,10
2015-06-30,Canada,CA,77,81,464,23,83,394,54,80,70
2015-06-30,China,CN,9,78,224,2,0,4,7,100,220
2015-06-30,Colombia,CO,2,0,9,,,,2,0,9
2015-06-30,Czechia,CZ,3,0,3,2,0,2,1,0,1
2015-06-30,Denmark,DK,3,33,13,1,100,10,2,0,3
2015-06-30,Estonia,EE,1,100,1,1,100,1,,,
2015-06-30,France,FR,157,89,9589,133,95,9548,24,50,41
2015-06-30,Germany,DE,87,79,1423,62,84,550,25,68,873
2015-06-30,Greece,GR,3,100,11,2,100,10,1,100,1
2015-06-30,Guyana,GY,1,0,1,1,0,1,,,
2015-06-30,Hong Kong,HK,3,33,23,2,0,3,1,100,20
2015-06-30,Hungary,HU,2,100,2,1,100,1,1,100,1
2015-06-30,India,IN,227,8,1037,17,41,490,210,6,547
2015-06-30,Indonesia,ID,8,63,90,,,,8,63,90
2015-06-30,Ireland,IE,2,0,2,1,0,1,1,0,1
2015-06-30,Israel,IL,67,69,190,38,71,95,29,66,95
2015-06-30,Italy,IT,99,87,2128,79,96,2070,20,50,58
2015-06-30,Japan,JP,93,58,1612,71,65,1452,22,36,160
2015-06-30,Kazakhstan,KZ,3,0,81,,,,3,0,81
2015-06-30,Kenya,KE,1,100,1,1,100,1,,,
2015-06-30,Lithuania,LT,1,100,2,1,100,2,,,
2015-06-30,Macao,MO,3,67,3,,,,3,67,3
2015-06-30,Malaysia,MY,1,0,1,,,,1,0,1
2015-06-30,Mexico,MX,4,0,21,,,,4,0,21
2015-06-30,Netherlands,NL,15,67,174,14,71,170,1,0,4
2015-06-30,New Zealand,NZ,6,67,28,5,60,27,1,100,1
2015-06-30,Norway,NO,1,0,3,1,0,3,,,
2015-06-30,Peru,PE,5,20,7,1,100,1,4,0,6
2015-06-30,Philippines,PH,1,100,6,,,,1,100,6
2015-06-30,Poland,PL,8,50,9,3,67,4,5,40,5
2015-06-30,Portugal,PT,3,67,48,3,67,48,,,
2015-06-30,Romania,RO,2,0,9,2,0,9,,,
2015-06-30,Russia,RU,1191,62,2418,10,60,1213,1181,62,1205
2015-06-30,Singapore,SG,1,0,4,1,0,4,,,
2015-06-30,Slovakia,SK,1,100,2,,,,1,100,2
2015-06-30,Slovenia,SI,1,100,1,1,100,1,,,
2015-06-30,South Africa,ZA,1,0,1,1,0,1,,,
2015-06-30,South Korea,KR,141,65,5693,,,,141,65,5693
2015-06-30,Spain,ES,15,73,2475,10,80,2467,5,60,8
2015-06-30,Sweden,SE,3,0,47,2,0,46,1,0,1
2015-06-30,Switzerland,CH,3,67,3,2,100,2,1,0,1
2015-06-30,Taiwan,TW,16,44,59,11,64,54,5,0,5
2015-06-30,Turkey,TR,433,27,1440,324,26,1178,109,28,262
2015-06-30,Ukraine,UA,5,20,10,1,100,6,4,0,4
2015-06-30,United Arab Emirates,AE,27,81,27,,,,27,81,27
2015-06-30,United Kingdom,GB,102,80,878,10,40,16,92,85,862
2015-06-30,United States,US,286,81,1546,199,86,1294,87,71,252
2015-06-30,Vietnam,VN,1,0,1,,,,1,0,1
2015-06-30,Yemen,YE,1,0,1,,,,1,0,1
2015-12-31,Andorra,AD,1,100,1,,,,1,100,1
2015-12-31,Argentina,AR,36,83,379,34,85,252,2,50,127
2015-12-31,Armenia,AM,1,0,1,,,,1,0,1
2015-12-31,Australia,AU,35,63,99,25,60,59,10,70,40
2015-12-31,Austria,AT,8,50,26,3,67,19,5,40,7
2015-12-31,Azerbaijan,AZ,3,33,3,,,,3,33,3
2015-12-31,Bangladesh,BD,2,0,2,,,,2,0,2
2015-12-31,Belgium,BE,13,69,30,,,,13,69,30
2015-12-31,Brazil,BR,394,67,1716,383,67,1698,11,64,18
2015-12-31,Canada,CA,38,61,104,19,47,65,19,74,39
2015-12-31,Chile,CL,3,100,5,3,100,5,,,
2015-12-31,China,CN,9,11,16,,,,9,11,16
2015-12-31,Colombia,CO,1,0,1,,,,1,0,1
2015-12-31,Croatia,HR,7,86,64,,,,7,86,64
2015-12-31,Czechia,CZ,1,0,3,1,0,3,,,
2015-12-31,Denmark,DK,7,86,38,,,,7,86,38
2015-12-31,Ecuador,EC,1,0,3,,,,1,0,3
2015-12-31,Estonia,EE,2,100,10,,,,2,100,10
2015-12-31,Finland,FI,2,100,2,,,,2,100,2
2015-12-31,France,FR,130,67,800,47,81,394,83,59,406
2015-12-31,Germany,DE,199,67,1290,114,68,608,85,66,682
2015-12-31,Ghana,GH,1,0,8,1,0,8,,,
2015-12-31,Gibraltar,GI,1,100,1,,,,1,100,1
2015-12-31,Greece,GR,20,70,48,12,83,36,8,50,12
2015-12-31,Hong Kong,HK,5,20,16,,,,5,20,16
2015-12-31,Hungary,HU,7,57,20,5,80,10,2,0,10
2015-12-31,India,IN,259,12,1606,16,38,505,243,10,1101
2015-12-31,Indonesia,ID,7,14,11,1,0,2,6,17,9
2015-12-31,Ireland,IE,10,90,15,1,100,2,9,89,13
2015-12-31,Israel,IL,95,62,702,42,62,580,53,62,122
2015-12-31,Italy,IT,125,84,2658,65,92,1897,60,75,761
2015-12-31,Japan,JP,48,71,2302,44,75,2298,4,25,4
2015-12-31,Kazakhstan,KZ,19,5,274,,,,19,5,274
2015-12-31,Kenya,KE,1,0,1,,,,1,0,1
2015-12-31,Macao,MO,1,0,1,,,,1,0,1
2015-12-31,Malaysia,MY,7,14,40,,,,7,14,40
2015-12-31,Mexico,MX,11,27,11,,,,11,27,11
2015-12-31,Netherlands,NL,37,78,217,19,74,186,18,83,31
2015-12-31,New Zealand,NZ,6,0,10,4,0,4,2,0,6
2015-12-31,Norway,NO,6,83,30,,,,6,83,30
2015-12-31,Oman,OM,1,0,2,1,0,2,,,
2015-12-31,Pakistan,PK,1,0,1,,,,1,0,1
2015-12-31,Peru,PE,5,0,5,2,0,2,3,0,3
2015-12-31,Philippines,PH,4,0,5,,,,4,0,5
2015-12-31,Poland,PL,12,8,38,1,0,1,11,9,37
2015-12-31,Portugal,PT,1,100,13,1,100,13,,,
2015-12-31,Romania,RO,2,50,6,2,50,6,,,
2015-12-31,Russia,RU,1570,84,2262,13,77,369,1557,84,1893
2015-12-31,Saudi Arabia,SA,8,13,10,1,0,2,7,14,8
2015-12-31,South Africa,ZA,3,0,8,2,0,3,1,0,5
2015-12-31,South Korea,KR,133,77,3268,6,83,15,127,76,3253
2015-12-31,Spain,ES,50,68,127,25,56,61,25,80,66
2015-12-31,Sweden,SE,4,75,518,1,0,12,3,100,506
2015-12-31,Switzerland,CH,3,33,4,,,,3,33,4
2015-12-31,Taiwan,TW,7,43,15,3,67,4,4,25,11
2015-12-31,Thailand,TH,33,85,1566,,,,33,85,1566
2015-12-31,Tokelau,TK,1,0,1,,,,1,0,1
2015-12-31,Tunisia,TN,1,0,1,,,,1,0,1
2015-12-31,Turkey,TR,745,32,2926,604,31,2452,141,37,474
2015-12-31,Turkmenistan,TM,1,100,1,,,,1,100,1
2015-12-31,Ukraine,UA,2,100,2,1,100,1,1,100,1
2015-12-31,United Arab Emirates,AE,11,45,33,1,0,1,10,50,32
2015-12-31,United Kingdom,GB,292,83,1799,23,39,266,269,86,1533
2015-12-31,United States,US,480,54,1582,369,49,1355,111,72,227
2015-12-31,Zambia,ZM,1,0,1,,,,1,0,1
2015-12-31,Ã…land Islands,AX,1,0,4,1,0,4,,,
2016-06-30,Argentina,AR,36,92,336,36,92,336,,,
2016-06-30,Armenia,AM,13,15,13,,,,13,15,13
2016-06-30,Australia,AU,18,39,28,6,33,9,12,42,19
2016-06-30,Austria,AT,17,47,164,1,100,9,16,44,155
2016-06-30,Bangladesh,BD,4,0,11,,,,4,0,11
2016-06-30,Belarus,BY,1,100,1,,,,1,100,1
2016-06-30,Belgium,BE,19,63,64,6,50,24,13,69,40
2016-06-30,Brazil,BR,322,60,1420,309,62,1373,13,8,47
2016-06-30,Canada,CA,56,66,247,30,63,125,26,69,122
2016-06-30,Chile,CL,2,50,2,1,100,1,1,0,1
2016-06-30,China,CN,5,20,23,1,0,18,4,25,5
2016-06-30,Croatia,HR,7,29,15,1,0,1,6,33,14
2016-06-30,Czechia,CZ,1,100,1,,,,1,100,1
2016-06-30,Denmark,DK,3,33,16,,,,3,33,16
2016-06-30,Ecuador,EC,38,61,42,,,,38,61,42
2016-06-30,Estonia,EE,2,50,7,1,100,3,1,0,4
2016-06-30,Finland,FI,10,60,72,,,,10,60,72
2016-06-30,France,FR,286,66,1201,22,55,62,264,67,1139
2016-06-30,French Guiana,GF,1,100,3,,,,1,100,3
2016-06-30,Georgia,GE,3,67,3,2,100,2,1,0,1
2016-06-30,Germany,DE,172,68,761,83,72,401,89,64,360
2016-06-30,Greece,GR,13,100,55,9,100,31,4,100,24
2016-06-30,Hong Kong,HK,2,50,6,,,,2,50,6
2016-06-30,Hungary,HU,5,40,47,2,100,3,3,0,44
2016-06-30,India,IN,243,12,537,17,35,30,226,11,507
2016-06-30,Indonesia,ID,9,56,76,,,,9,56,76
2016-06-30,Iran,IR,1,0,4,,,,1,0,4
2016-06-30,Ireland,IE,7,29,14,1,100,2,6,17,12
2016-06-30,Israel,IL,243,73,2072,99,74,1014,144,72,1058
2016-06-30,Italy,IT,165,80,2880,79,84,2058,86,77,822
2016-06-30,Jamaica,JM,1,0,1,1,0,1,,,
2016-06-30,Japan,JP,84,79,1079,77,81,802,7,57,277
2016-06-30,Jordan,JO,1,0,1,,,,1,0,1
2016-06-30,Kazakhstan,KZ,14,36,84,1,0,2,13,38,82
2016-06-30,Kenya,KE,2,0,2,,,,2,0,2
2016-06-30,Kosovo,XK,1,100,2,,,,1,100,2
2016-06-30,Kuwait,KW,1,0,2,,,,1,0,2
2016-06-30,Lebanon,LB,1,0,1,1,0,1,,,
2016-06-30,Liechtenstein,LI,4,100,19,2,100,17,2,100,2
2016-06-30,Lithuania,LT,1,100,20,,,,1,100,20
2016-06-30,Luxembourg,LU,1,0,3,,,,1,0,3
2016-06-30,Macao,MO,1,100,1,,,,1,100,1
2016-06-30,Malaysia,MY,11,55,129,,,,11,55,129
2016-06-30,Malta,MT,3,67,9,1,0,3,2,100,6
2016-06-30,Mauritius,MU,1,0,1,,,,1,0,1
2016-06-30,Mexico,MX,9,33,9,,,,9,33,9
2016-06-30,Netherlands,NL,45,71,245,13,62,72,32,75,173
2016-06-30,New Zealand,NZ,1,0,1,,,,1,0,1
2016-06-30,Norway,NO,9,89,15,,,,9,89,15
2016-06-30,Pakistan,PK,30,73,673,1,100,3,29,72,670
2016-06-30,Paraguay,PY,1,0,3,1,0,3,,,
2016-06-30,Peru,PE,2,0,2,,,,2,0,2
2016-06-30,Philippines,PH,2,100,3,1,100,2,1,100,1
2016-06-30,Poland,PL,5,0,7,1,0,1,4,0,6
2016-06-30,Portugal,PT,14,43,59,7,43,48,7,43,11
2016-06-30,Romania,RO,3,67,17,,,,3,67,17
2016-06-30,Russia,RU,2045,75,2566,141,63,414,1904,76,2152
2016-06-30,Saudi Arabia,SA,21,62,27,,,,21,62,27
2016-06-30,Serbia,RS,2,0,2,,,,2,0,2
2016-06-30,Singapore,SG,5,80,20,4,75,9,1,100,11
2016-06-30,South Africa,ZA,2,50,2,2,50,2,,,
2016-06-30,South Korea,KR,288,72,725,4,75,7,284,71,718
2016-06-30,Spain,ES,102,72,81075,27,52,80011,75,79,1064
2016-06-30,Sweden,SE,8,75,94,,,,8,75,94
2016-06-30,Switzerland,CH,6,67,14,3,67,8,3,67,6
2016-06-30,Taiwan,TW,13,23,35,4,25,7,9,22,28
2016-06-30,Thailand,TH,59,90,1192,1,100,21,58,90,1171
2016-06-30,Turkey,TR,880,32,3611,679,26,2892,201,54,719
2016-06-30,Ukraine,UA,30,3,56,2,50,2,28,0,54
2016-06-30,United Arab Emirates,AE,9,44,31,,,,9,44,31
2016-06-30,United Kingdom,GB,539,82,4358,57,77,2135,482,83,2223
2016-06-30,United States,US,590,47,2038,486,42,1839,104,69,199
2016-06-30,Venezuela,VE,2,100,2,,,,2,100,2
2016-06-30,Vietnam,VN,1,100,1,,,,1,100,1
2016-12-31,Argentina,AR,42,93,463,38,97,424,4,50,39
2016-12-31,Armenia,AM,3,33,3,,,,3,33,3
2016-12-31,Australia,AU,43,44,90,19,26,32,24,58,58
2016-12-31,Austria,AT,14,64,33,2,100,2,12,58,31
2016-12-31,Bangladesh,BD,4,0,4,1,0,1,3,0,3
2016-12-31,Belarus,BY,1,0,3,,,,1,0,3
2016-12-31,Belgium,BE,7,71,18,1,0,2,6,83,16
2016-12-31,Bosnia & Herzegovina,BA,1,0,1,1,0,1,,,
2016-12-31,Brazil,BR,423,67,2442,408,69,2402,15,20,40
2016-12-31,Canada,CA,73,85,91,21,52,39,52,98,52
2016-12-31,China,CN,23,57,639,,,,23,57,639
2016-12-31,Colombia,CO,4,50,9,,,,4,50,9
2016-12-31,Croatia,HR,3,33,5,1,0,2,2,50,3
2016-12-31,Czechia,CZ,4,50,6,2,0,2,2,100,4
2016-12-31,Denmark,DK,4,50,26,,,,4,50,26
2016-12-31,Dominican Republic,DO,1,0,1,1,0,1,,,
2016-12-31,Ecuador,EC,1,0,1,,,,1,0,1
2016-12-31,Europol,,23,61,116,,,,23,61,116
2016-12-31,Finland,FI,3,67,10,,,,3,67,10
2016-12-31,France,FR,269,62,1121,66,68,283,203,61,838
2016-12-31,Georgia,GE,3,33,14,,,,3,33,14
2016-12-31,Germany,DE,242,74,3411,80,70,501,162,77,2910
2016-12-31,Greece,GR,13,85,52,10,90,45,3,67,7
2016-12-31,Hong Kong,HK,5,0,153,,,,5,0,153
2016-12-31,Hungary,HU,2,100,5,1,100,2,1,100,3
2016-12-31,India,IN,332,14,4833,35,14,166,297,14,4667
2016-12-31,Indonesia,ID,17,24,214,5,20,143,12,25,71
2016-12-31,Iran,IR,1,100,2,,,,1,100,2
2016-12-31,Iraq,IQ,1,0,3,,,,1,0,3
2016-12-31,Ireland,IE,22,27,119,3,67,52,19,21,67
2016-12-31,Israel,IL,268,70,3127,104,73,1016,164,68,2111
2016-12-31,Italy,IT,148,74,2783,68,91,2358,80,59,425
2016-12-31,Japan,JP,87,63,614,73,71,562,14,21,52
2016-12-31,Kazakhstan,KZ,10,20,268,,,,10,20,268
2016-12-31,Kosovo,XK,1,0,1,,,,1,0,1
2016-12-31,Kuwait,KW,1,100,1,,,,1,100,1
2016-12-31,Libya,LY,1,0,2,1,0,2,,,
2016-12-31,Liechtenstein,LI,4,100,10,4,100,10,,,
2016-12-31,Macao,MO,1,0,2,,,,1,0,2
2016-12-31,Malaysia,MY,9,44,26,2,50,3,7,43,23
2016-12-31,Malta,MT,2,0,7,,,,2,0,7
2016-12-31,Mauritius,MU,2,0,13,,,,2,0,13
2016-12-31,Mexico,MX,2,0,5,,,,2,0,5
2016-12-31,Netherlands,NL,38,74,277,4,75,11,34,74,266
2016-12-31,New Zealand,NZ,6,33,122,4,25,120,2,50,2
2016-12-31,Norway,NO,19,68,88,1,100,1,18,67,87
2016-12-31,Pakistan,PK,6,67,79,1,0,14,5,80,65
2016-12-31,Papua New Guinea,PG,1,0,4,1,0,4,,,
2016-12-31,Peru,PE,3,33,4,,,,3,33,4
2016-12-31,Philippines,PH,5,40,13,1,0,1,4,50,12
2016-12-31,Poland,PL,4,50,8,,,,4,50,8
2016-12-31,Portugal,PT,1,0,1,,,,1,0,1
2016-12-31,Romania,RO,5,40,6,4,50,5,1,0,1
2016-12-31,Russia,RU,11164,72,11936,112,48,790,11052,72,11146
2016-12-31,Saudi Arabia,SA,13,54,43,,,,13,54,43
2016-12-31,Singapore,SG,5,100,17,5,100,17,,,
2016-12-31,South Korea,KR,165,80,1321,9,33,17,156,83,1304
2016-12-31,Spain,ES,113,75,3856,24,46,3538,89,83,318
2016-12-31,Sweden,SE,3,67,18,,,,3,67,18
2016-12-31,Switzerland,CH,3,0,26,2,0,3,1,0,23
2016-12-31,Taiwan,TW,7,86,95,1,100,2,6,83,93
2016-12-31,Thailand,TH,109,89,3673,23,87,1217,86,90,2456
2016-12-31,Turkey,TR,901,40,4286,679,32,3232,222,64,1054
2016-12-31,Ukraine,UA,10,70,51,5,40,37,5,100,14
2016-12-31,United Arab Emirates,AE,10,80,51,1,0,2,9,89,49
2016-12-31,United Kingdom,GB,597,83,2515,28,57,145,569,84,2370
2016-12-31,United States,US,652,26,9959,490,32,9760,162,7,199
2016-12-31,Uruguay,UY,1,0,1,,,,1,0,1
2017-06-30,Algeria,DZ,2,0,2,1,0,1,1,0,1
2017-06-30,Argentina,AR,34,94,422,32,97,416,2,50,6
2017-06-30,Armenia,AM,1,100,1,,,,1,100,1
2017-06-30,Australia,AU,37,35,87,10,50,34,27,30,53
2017-06-30,Austria,AT,6,50,11,1,0,1,5,60,10
2017-06-30,Bangladesh,BD,5,0,5,,,,5,0,5
2017-06-30,Belgium,BE,9,44,21,,,,9,44,21
2017-06-30,Brazil,BR,338,60,10628,321,61,10589,17,41,39
2017-06-30,Canada,CA,75,75,145,12,25,57,63,84,88
2017-06-30,China,CN,169,17,2290,,,,169,17,2290
2017-06-30,Czechia,CZ,3,100,10,,,,3,100,10
2017-06-30,Denmark,DK,9,89,26,,,,9,89,26
2017-06-30,Djibouti,DJ,1,100,3,,,,1,100,3
2017-06-30,Ecuador,EC,2,0,24,,,,2,0,24
2017-06-30,Egypt,EG,6,0,24,2,0,20,4,0,4
2017-06-30,Europol,,2,50,3,,,,2,50,3
2017-06-30,France,FR,260,67,1557,53,79,227,207,64,1330
2017-06-30,Germany,DE,246,72,1847,99,71,531,147,73,1316
2017-06-30,Greece,GR,13,77,43,9,89,32,4,50,11
2017-06-30,Guatemala,GT,2,0,4,,,,2,0,4
2017-06-30,Hong Kong,HK,3,67,12,,,,3,67,12
2017-06-30,Hungary,HU,3,33,5,,,,3,33,5
2017-06-30,India,IN,466,17,1524,40,8,66,426,18,1458
2017-06-30,Indonesia,ID,14,79,17,1,100,1,13,77,16
2017-06-30,Ireland,IE,8,50,31,,,,8,50,31
2017-06-30,Israel,IL,184,68,1304,83,76,617,101,61,687
2017-06-30,Italy,IT,143,87,3310,71,93,3210,72,82,100
2017-06-30,Japan,JP,74,65,576,66,67,556,8,50,20
2017-06-30,Jordan,JO,1,100,1,,,,1,100,1
2017-06-30,Kazakhstan,KZ,29,38,226,,,,29,38,226
2017-06-30,Latvia,LV,1,0,1,,,,1,0,1
2017-06-30,Lebanon,LB,2,0,3,2,0,3,,,
2017-06-30,Lithuania,LT,7,43,80,,,,7,43,80
2017-06-30,Luxembourg,LU,1,100,6,1,100,6,,,
2017-06-30,Malaysia,MY,7,57,48,,,,7,57,48
2017-06-30,Malta,MT,2,50,2,,,,2,50,2
2017-06-30,Mauritius,MU,1,0,1,1,0,1,,,
2017-06-30,Mexico,MX,7,43,38,,,,7,43,38
2017-06-30,Moldova,MD,1,100,1,1,100,1,,,
2017-06-30,Netherlands,NL,41,83,571,3,67,4,38,84,567
2017-06-30,New Zealand,NZ,5,0,7,,,,5,0,7
2017-06-30,Norway,NO,10,90,19,2,100,2,8,88,17
2017-06-30,Pakistan,PK,14,29,98,,,,14,29,98
2017-06-30,Philippines,PH,1,100,1,,,,1,100,1
2017-06-30,Poland,PL,11,9,14,3,0,3,8,13,11
2017-06-30,Portugal,PT,2,50,2,,,,2,50,2
2017-06-30,Romania,RO,1,100,1,,,,1,100,1
2017-06-30,Russia,RU,14133,78,16063,74,45,809,14059,79,15254
2017-06-30,Saudi Arabia,SA,12,17,13,,,,12,17,13
2017-06-30,Serbia,RS,1,0,1,,,,1,0,1
2017-06-30,Singapore,SG,1,0,1,1,0,1,,,
2017-06-30,Slovakia,SK,1,100,3,,,,1,100,3
2017-06-30,South Africa,ZA,2,50,12,2,50,12,,,
2017-06-30,South Korea,KR,166,55,1233,2,0,4,164,55,1229
2017-06-30,Spain,ES,73,77,6699,22,59,1536,51,84,5163
2017-06-30,Sweden,SE,3,67,4,,,,3,67,4
2017-06-30,Switzerland,CH,1,0,2,1,0,2,,,
2017-06-30,Taiwan,TW,16,25,29,3,67,3,13,15,26
2017-06-30,Thailand,TH,23,74,132,,,,23,74,132
2017-06-30,Turkey,TR,871,15,2896,793,10,2717,78,64,179
2017-06-30,Ukraine,UA,36,42,285,32,44,281,4,25,4
2017-06-30,United Arab Emirates,AE,22,68,129,,,,22,68,129
2017-06-30,United Kingdom,GB,686,91,2491,7,57,34,679,91,2457
2017-06-30,United States,US,831,57,18383,618,51,18064,213,74,319
2017-06-30,Venezuela,VE,1,0,1,1,0,1,,,
2017-06-30,Vietnam,VN,38,89,3285,,,,38,89,3285
2017-12-31,Argentina,AR,135,80,1299,126,83,1271,9,33,28
2017-12-31,Armenia,AM,1,0,1,,,,1,0,1
2017-12-31,Australia,AU,35,71,829,16,75,38,19,68,791
2017-12-31,Austria,AT,13,77,23,1,100,1,12,75,22
2017-12-31,Azerbaijan,AZ,1,0,14,,,,1,0,14
2017-12-31,Bangladesh,BD,2,0,2,,,,2,0,2
2017-12-31,Belarus,BY,1,0,3,1,0,3,,,
2017-12-31,Belgium,BE,26,27,103,,,,26,27,103
2017-12-31,Brazil,BR,518,66,5042,484,69,4949,34,24,93
2017-12-31,Canada,CA,95,80,165,25,44,89,70,93,76
2017-12-31,Chile,CL,5,20,5,1,100,1,4,0,4
2017-12-31,China,CN,170,5,2423,,,,170,5,2423
2017-12-31,Colombia,CO,3,33,3,1,100,1,2,0,2
2017-12-31,Croatia,HR,2,0,2,,,,2,0,2
2017-12-31,Cyprus,CY,1,0,1,1,0,1,,,
2017-12-31,Czechia,CZ,11,82,49,,,,11,82,49
2017-12-31,Denmark,DK,11,73,63,,,,11,73,63
2017-12-31,Ecuador,EC,18,0,166,,,,18,0,166
2017-12-31,Europol,,9,56,36,,,,9,56,36
2017-12-31,Finland,FI,18,50,57,,,,18,50,57
2017-12-31,France,FR,256,67,1991,53,57,931,203,69,1060
2017-12-31,Germany,DE,356,72,2527,178,74,558,178,71,1969
2017-12-31,Greece,GR,15,67,92,15,67,92,,,
2017-12-31,Guatemala,GT,1,0,3,1,0,3,,,
2017-12-31,Hong Kong,HK,7,14,7,,,,7,14,7
2017-12-31,Hungary,HU,1,0,5,,,,1,0,5
2017-12-31,Iceland,IS,4,100,6,,,,4,100,6
2017-12-31,India,IN,1074,24,3172,30,60,244,1044,23,2928
2017-12-31,Indonesia,ID,22,27,52,,,,22,27,52
2017-12-31,Ireland,IE,19,58,73,,,,19,58,73
2017-12-31,Israel,IL,227,56,1552,152,57,1268,75,55,284
2017-12-31,Italy,IT,280,77,5873,161,79,4322,119,74,1551
2017-12-31,Japan,JP,49,63,273,44,70,267,5,0,6
2017-12-31,Kazakhstan,KZ,72,1,146607,,,,72,1,146607
2017-12-31,Kenya,KE,2,0,2,,,,2,0,2
2017-12-31,Kuwait,KW,2,50,5,,,,2,50,5
2017-12-31,Latvia,LV,2,100,3,,,,2,100,3
2017-12-31,Liechtenstein,LI,3,100,84,3,100,84,,,
2017-12-31,Lithuania,LT,2,100,54,,,,2,100,54
2017-12-31,Luxembourg,LU,6,67,8,,,,6,67,8
2017-12-31,Macao,MO,2,100,2,,,,2,100,2
2017-12-31,Malaysia,MY,6,17,26,,,,6,17,26
2017-12-31,Malta,MT,2,50,2,,,,2,50,2
2017-12-31,Mauritius,MU,1,0,1,,,,1,0,1
2017-12-31,Mexico,MX,9,0,27,,,,9,0,27
2017-12-31,Nepal,NP,2,0,2,,,,2,0,2
2017-12-31,Netherlands,NL,23,52,93,,,,23,52,93
2017-12-31,New Zealand,NZ,9,11,13,7,0,9,2,50,4
2017-12-31,Norway,NO,27,78,84,,,,27,78,84
2017-12-31,Pakistan,PK,27,19,259,1,100,1,26,15,258
2017-12-31,Peru,PE,4,0,4,2,0,2,2,0,2
2017-12-31,Philippines,PH,2,0,18,,,,2,0,18
2017-12-31,Poland,PL,18,11,99,2,50,2,16,6,97
2017-12-31,Portugal,PT,3,100,3,,,,3,100,3
2017-12-31,Romania,RO,3,100,12,,,,3,100,12
2017-12-31,Russia,RU,9690,78,12060,197,26,1713,9493,80,10347
2017-12-31,Saudi Arabia,SA,5,20,6,,,,5,20,6
2017-12-31,Senegal,SN,2,0,2,2,0,2,,,
2017-12-31,Serbia,RS,1,100,1,,,,1,100,1
2017-12-31,Singapore,SG,3,33,3,2,0,2,1,100,1
2017-12-31,South Korea,KR,211,53,2054,,,,211,53,2054
2017-12-31,Spain,ES,111,83,4455,23,65,4139,88,88,316
2017-12-31,Sri Lanka,LK,2,0,2,,,,2,0,2
2017-12-31,Sweden,SE,2,50,2,,,,2,50,2
2017-12-31,Switzerland,CH,12,67,84,6,67,17,6,67,67
2017-12-31,Taiwan,TW,3,33,8,,,,3,33,8
2017-12-31,Tanzania,TZ,1,0,1,1,0,1,,,
2017-12-31,Thailand,TH,141,93,3348,10,90,171,131,93,3177
2017-12-31,Turkey,TR,1174,32,4953,907,22,3694,267,63,1259
2017-12-31,Ukraine,UA,20,40,180,19,42,179,1,0,1
2017-12-31,United Arab Emirates,AE,7,43,78,,,,7,43,78
2017-12-31,United Kingdom,GB,602,92,3686,15,60,121,587,93,3565
2017-12-31,United States,US,988,56,13839,566,36,12530,422,83,1309
2017-12-31,Vietnam,VN,29,79,3439,,,,29,79,3439
2018-06-30,Albania,AL,1,0,3,1,0,3,,,
2018-06-30,Argentina,AR,78,69,724,72,75,718,6,0,6
2018-06-30,Australia,AU,22,55,504,1,0,3,21,57,501
2018-06-30,Austria,AT,4,50,5,1,100,1,3,33,4
2018-06-30,Azerbaijan,AZ,1,0,1,,,,1,0,1
2018-06-30,Bangladesh,BD,8,13,74,,,,8,13,74
2018-06-30,Belarus,BY,2,50,5,1,100,3,1,0,2
2018-06-30,Belgium,BE,9,11,17,,,,9,11,17
2018-06-30,Brazil,BR,338,62,1867,324,63,1826,14,43,41
2018-06-30,Bulgaria,BG,5,20,14,,,,5,20,14
2018-06-30,Canada,CA,123,69,381,31,61,288,92,72,93
2018-06-30,China,CN,206,12,3873,1,0,2,205,12,3871
2018-06-30,Colombia,CO,6,50,7,4,75,5,2,0,2
2018-06-30,Croatia,HR,1,0,1,,,,1,0,1
2018-06-30,Czechia,CZ,2,100,3,,,,2,100,3
2018-06-30,Denmark,DK,3,100,5,,,,3,100,5
2018-06-30,Ecuador,EC,16,0,21,,,,16,0,21
2018-06-30,Egypt,EG,1,100,18,1,100,18,,,
2018-06-30,Estonia,EE,1,0,1,,,,1,0,1
2018-06-30,Europol,,48,44,107,,,,48,44,107
2018-06-30,Finland,FI,22,55,68,,,,22,55,68
2018-06-30,France,FR,244,71,6175,18,78,162,226,70,6013
2018-06-30,Gambia,GM,2,0,13,2,0,13,,,
2018-06-30,Germany,DE,270,70,904,184,71,479,86,67,425
2018-06-30,Greece,GR,1,100,1,1,100,1,,,
2018-06-30,Hong Kong,HK,3,67,6,,,,3,67,6
2018-06-30,Hungary,HU,3,33,4,2,50,2,1,0,2
2018-06-30,India,IN,1190,20,6202,87,32,1403,1103,19,4799
2018-06-30,Indonesia,ID,70,67,872,,,,70,67,872
2018-06-30,Ireland,IE,18,44,41,7,29,21,11,55,20
2018-06-30,Israel,IL,199,72,1205,140,81,1086,59,51,119
2018-06-30,Italy,IT,179,78,1420,80,73,851,99,83,569
2018-06-30,Japan,JP,32,72,234,30,73,230,2,50,4
2018-06-30,Kazakhstan,KZ,31,19,1098,7,0,168,24,25,930
2018-06-30,Kenya,KE,1,0,1,1,0,1,,,
2018-06-30,Kuwait,KW,3,67,9,,,,3,67,9
2018-06-30,Kyrgyzstan,KG,1,0,1,,,,1,0,1
2018-06-30,Latvia,LV,1,0,19,1,0,19,,,
2018-06-30,Lebanon,LB,2,0,2,1,0,1,1,0,1
2018-06-30,Liechtenstein,LI,11,100,52,11,100,52,,,
2018-06-30,Lithuania,LT,1,0,12,1,0,12,,,
2018-06-30,Malaysia,MY,18,50,94,,,,18,50,94
2018-06-30,Mali,ML,1,0,3,,,,1,0,3
2018-06-30,Malta,MT,1,100,5,,,,1,100,5
2018-06-30,Mauritius,MU,1,0,2,,,,1,0,2
2018-06-30,Mexico,MX,10,30,96,5,20,21,5,40,75
2018-06-30,Moldova,MD,1,100,36,1,100,36,,,
2018-06-30,Monaco,MC,1,100,1,,,,1,100,1
2018-06-30,Nepal,NP,8,13,15,,,,8,13,15
2018-06-30,Netherlands,NL,18,72,148,5,80,42,13,69,106
2018-06-30,New Zealand,NZ,8,25,13,3,33,8,5,20,5
2018-06-30,Nigeria,NG,1,0,8,1,0,8,,,
2018-06-30,Norway,NO,19,74,92,,,,19,74,92
2018-06-30,Pakistan,PK,196,43,2323,11,100,161,185,39,2162
2018-06-30,Peru,PE,6,0,16,2,0,2,4,0,14
2018-06-30,Poland,PL,10,60,20,3,67,11,7,57,9
2018-06-30,Portugal,PT,2,50,2,2,50,2,,,
2018-06-30,Romania,RO,5,60,11,2,50,7,3,67,4
2018-06-30,Russia,RU,19192,79,182462,152,47,1912,19040,79,180550
2018-06-30,Saudi Arabia,SA,14,29,26,,,,14,29,26
2018-06-30,Singapore,SG,11,64,30,3,67,12,8,63,18
2018-06-30,Slovakia,SK,1,100,1,1,100,1,,,
2018-06-30,Somalia,SO,1,0,1,1,0,1,,,
2018-06-30,South Africa,ZA,1,100,1,1,100,1,,,
2018-06-30,South Korea,KR,98,76,1264,,,,98,76,1264
2018-06-30,Spain,ES,60,77,12474,14,71,30,46,78,12444
2018-06-30,Sweden,SE,2,0,2,,,,2,0,2
2018-06-30,Switzerland,CH,8,50,17,6,67,10,2,0,7
2018-06-30,Taiwan,TW,7,14,21,4,0,4,3,33,17
2018-06-30,Thailand,TH,150,93,6414,26,92,1215,124,94,5199
2018-06-30,Turkey,TR,1196,39,7576,811,27,4947,385,64,2629
2018-06-30,Ukraine,UA,48,13,310,48,13,310,,,
2018-06-30,United Arab Emirates,AE,3,0,3,,,,3,0,3
2018-06-30,United Kingdom,GB,219,76,972,10,60,42,209,77,930
2018-06-30,United States,US,1002,62,30035,780,61,29048,222,66,987
2018-06-30,Uruguay,UY,1,100,1,,,,1,100,1
2018-06-30,Uzbekistan,UZ,4,100,24,,,,4,100,24
2018-06-30,Venezuela,VE,2,0,3,,,,2,0,3
2018-06-30,Vietnam,VN,49,84,635,,,,49,84,635
2018-12-31,Albania,AL,5,100,21,,,,5,100,21
2018-12-31,Argentina,AR,54,81,643,50,86,634,4,25,9
2018-12-31,Australia,AU,24,46,181,9,56,30,15,40,151
2018-12-31,Austria,AT,8,88,18,7,100,17,1,0,1
2018-12-31,Azerbaijan,AZ,3,0,11,3,0,11,,,
2018-12-31,Bangladesh,BD,9,0,18,,,,9,0,18
2018-12-31,Belarus,BY,8,63,13,2,0,3,6,83,10
2018-12-31,Belgium,BE,7,43,20,,,,7,43,20
2018-12-31,Brazil,BR,499,62,3638,481,63,3597,18,33,41
2018-12-31,Canada,CA,84,88,145,32,84,90,52,90,55
2018-12-31,Chile,CL,1,0,1,,,,1,0,1
2018-12-31,China,CN,207,2,3731,1,0,10,206,2,3721
2018-12-31,Colombia,CO,12,25,34,8,38,25,4,0,9
2018-12-31,Croatia,HR,3,67,10,,,,3,67,10
2018-12-31,Czechia,CZ,1,100,9,,,,1,100,9
2018-12-31,Denmark,DK,15,67,69,,,,15,67,69
2018-12-31,Dominican Republic,DO,2,0,8,,,,2,0,8
2018-12-31,Ecuador,EC,1,0,4,,,,1,0,4
2018-12-31,Estonia,EE,5,40,5,2,0,2,3,67,3
2018-12-31,European Union,EU,2,100,2,,,,2,100,2
2018-12-31,Finland,FI,5,80,14,1,100,1,4,75,13
2018-12-31,France,FR,688,75,6200,150,85,482,538,73,5718
2018-12-31,Gabon,GA,1,0,18,,,,1,0,18
2018-12-31,Germany,DE,254,69,1089,164,67,601,90,71,488
2018-12-31,Greece,GR,3,0,14,2,0,9,1,0,5
2018-12-31,Hong Kong,HK,7,71,10,,,,7,71,10
2018-12-31,Hungary,HU,3,33,11,,,,3,33,11
2018-12-31,India,IN,1284,17,5922,66,48,482,1218,15,5440
2018-12-31,Indonesia,ID,46,54,642,1,0,2,45,56,640
2018-12-31,Ireland,IE,10,60,26,4,50,13,6,67,13
2018-12-31,Israel,IL,199,76,1588,161,80,1476,38,61,112
2018-12-31,Italy,IT,230,71,1522,71,70,477,159,72,1045
2018-12-31,Japan,JP,29,72,264,27,74,260,2,50,4
2018-12-31,Kazakhstan,KZ,40,33,4848,,,,40,33,4848
2018-12-31,Kenya,KE,4,25,14,1,100,2,3,0,12
2018-12-31,Lebanon,LB,7,43,63,7,43,63,,,
2018-12-31,Liechtenstein,LI,3,67,3,3,67,3,,,
2018-12-31,Malaysia,MY,7,86,8,,,,7,86,8
2018-12-31,Mauritius,MU,1,0,1,,,,1,0,1
2018-12-31,Mexico,MX,13,15,32,2,0,9,11,18,23
2018-12-31,Moldova,MD,2,0,2,,,,2,0,2
2018-12-31,Morocco,MA,1,100,1,,,,1,100,1
2018-12-31,Nepal,NP,2,0,6,,,,2,0,6
2018-12-31,Netherlands,NL,24,58,50,14,64,36,10,50,14
2018-12-31,New Zealand,NZ,6,0,18,2,0,2,4,0,16
2018-12-31,Nigeria,NG,1,0,6,,,,1,0,6
2018-12-31,Norway,NO,10,70,75,,,,10,70,75
2018-12-31,Oman,OM,1,0,1,,,,1,0,1
2018-12-31,Pakistan,PK,214,73,3125,1,100,31,213,73,3094
2018-12-31,Palestine,PS,1,0,1,1,0,1,,,
2018-12-31,Paraguay,PY,2,0,2,,,,2,0,2
2018-12-31,Peru,PE,4,0,9,,,,4,0,9
2018-12-31,Philippines,PH,2,0,8,,,,2,0,8
2018-12-31,Poland,PL,12,50,18,9,56,15,3,33,3
2018-12-31,Portugal,PT,1,0,1,1,0,1,,,
2018-12-31,Qatar,QA,4,25,6,,,,4,25,6
2018-12-31,Romania,RO,3,67,8,,,,3,67,8
2018-12-31,Russia,RU,11137,62,94733,127,57,1366,11010,62,93367
2018-12-31,Saudi Arabia,SA,22,0,37,,,,22,0,37
2018-12-31,Singapore,SG,1,0,1,,,,1,0,1
2018-12-31,South Africa,ZA,2,0,11,2,0,11,,,
2018-12-31,South Korea,KR,171,78,2135,2,50,25,169,79,2110
2018-12-31,Spain,ES,39,74,2983,9,89,107,30,70,2876
2018-12-31,Sweden,SE,4,100,4,1,100,1,3,100,3
2018-12-31,Switzerland,CH,4,25,5,1,100,2,3,0,3
2018-12-31,Taiwan,TW,12,25,13,1,0,1,11,27,12
2018-12-31,Thailand,TH,276,93,5238,,,,276,93,5238
2018-12-31,Togo,TG,2,0,2,,,,2,0,2
2018-12-31,Turkey,TR,879,37,3760,628,29,2699,251,60,1061
2018-12-31,Ukraine,UA,20,15,75,12,0,54,8,38,21
2018-12-31,United Kingdom,GB,209,72,793,24,58,316,185,74,477
2018-12-31,United States,US,521,55,15167,427,57,14460,94,46,707
2018-12-31,Vietnam,VN,49,55,585,,,,49,55,585
2019-06-30,Albania,AL,131,98,148,2,0,16,129,100,132
2019-06-30,Algeria,DZ,1,100,2,1,100,2,,,
2019-06-30,Argentina,AR,75,73,1136,71,77,1087,4,0,49
2019-06-30,Australia,AU,77,56,1573,25,52,1456,52,58,117
2019-06-30,Austria,AT,13,31,484,,,,13,31,484
2019-06-30,Azerbaijan,AZ,2,0,2,,,,2,0,2
2019-06-30,Bangladesh,BD,1,0,1,,,,1,0,1
2019-06-30,Belarus,BY,6,17,14,6,17,14,,,
2019-06-30,Belgium,BE,10,30,54,5,0,25,5,60,29
2019-06-30,Bosnia & Herzegovina,BA,2,0,13,2,0,13,,,
2019-06-30,Brazil,BR,494,65,3957,455,69,3857,39,18,100
2019-06-30,Bulgaria,BG,2,50,2,,,,2,50,2
2019-06-30,Canada,CA,140,79,364,42,83,262,98,77,102
2019-06-30,Chile,CL,3,0,9,2,0,8,1,0,1
2019-06-30,China,CN,133,0,1757,,,,133,0,1757
2019-06-30,Colombia,CO,1,0,1,1,0,1,,,
2019-06-30,Croatia,HR,4,25,6,4,25,6,,,
2019-06-30,Cyprus,CY,1,0,1,1,0,1,,,
2019-06-30,Czechia,CZ,7,71,12,6,83,11,1,0,1
2019-06-30,Denmark,DK,12,58,32,,,,12,58,32
2019-06-30,Ecuador,EC,29,21,45,,,,29,21,45
2019-06-30,Estonia,EE,6,17,9,4,0,7,2,50,2
2019-06-30,France,FR,469,82,4505,105,90,612,364,79,3893
2019-06-30,Germany,DE,273,57,1094,151,60,683,122,53,411
2019-06-30,Greece,GR,9,33,18,7,43,16,2,0,2
2019-06-30,Guadeloupe,GP,11,91,749,,,,11,91,749
2019-06-30,Hong Kong,HK,14,21,28,3,0,10,11,27,18
2019-06-30,Hungary,HU,3,67,11,,,,3,67,11
2019-06-30,India,IN,917,22,4422,99,33,968,818,21,3454
2019-06-30,Indonesia,ID,36,19,140,,,,36,19,140
2019-06-30,Ireland,IE,8,75,26,3,67,6,5,80,20
2019-06-30,Israel,IL,133,68,888,103,70,750,30,63,138
2019-06-30,Italy,IT,121,78,1232,62,77,1047,59,78,185
2019-06-30,Japan,JP,50,70,357,41,66,334,9,89,23
2019-06-30,Jordan,JO,2,50,3,1,0,2,1,100,1
2019-06-30,Kazakhstan,KZ,25,12,1581,3,33,28,22,9,1553
2019-06-30,Kenya,KE,2,0,2,2,0,2,,,
2019-06-30,Kuwait,KW,1,100,6,,,,1,100,6
2019-06-30,Latvia,LV,1,100,1,,,,1,100,1
2019-06-30,Lebanon,LB,2,0,14,2,0,14,,,
2019-06-30,Lithuania,LT,6,67,19,5,80,18,1,0,1
2019-06-30,Luxembourg,LU,2,50,2,,,,2,50,2
2019-06-30,Malaysia,MY,11,82,38,,,,11,82,38
2019-06-30,Mauritius,MU,1,0,1,,,,1,0,1
2019-06-30,Mexico,MX,7,29,31,1,100,2,6,17,29
2019-06-30,Monaco,MC,1,100,1,,,,1,100,1
2019-06-30,Nepal,NP,8,25,17,,,,8,25,17
2019-06-30,Netherlands,NL,19,74,80,4,75,11,15,73,69
2019-06-30,New Zealand,NZ,6,50,11,,,,6,50,11
2019-06-30,Nicaragua,NI,1,0,1,,,,1,0,1
2019-06-30,Norway,NO,10,70,31,,,,10,70,31
2019-06-30,Pakistan,PK,303,46,3499,4,75,51,299,45,3448
2019-06-30,Peru,PE,2,0,5,,,,2,0,5
2019-06-30,Poland,PL,38,11,60,17,18,36,21,5,24
2019-06-30,Portugal,PT,1,0,3,1,0,3,,,
2019-06-30,Puerto Rico,PR,1,0,1,1,0,1,,,
2019-06-30,Romania,RO,3,67,17,3,67,17,,,
2019-06-30,Russia,RU,10965,73,155699,145,57,940,10820,73,154759
2019-06-30,Saudi Arabia,SA,11,0,11,,,,11,0,11
2019-06-30,Senegal,SN,1,0,3,,,,1,0,3
2019-06-30,Serbia,RS,1,0,1,,,,1,0,1
2019-06-30,Singapore,SG,7,86,16,1,0,4,6,100,12
2019-06-30,Slovakia,SK,2,0,3,,,,2,0,3
2019-06-30,South Korea,KR,578,53,3899,4,25,28,574,53,3871
2019-06-30,Spain,ES,56,66,46120,17,41,89,39,77,46031
2019-06-30,Sri Lanka,LK,1,0,1,,,,1,0,1
2019-06-30,Sweden,SE,1,100,2,,,,1,100,2
2019-06-30,Switzerland,CH,19,58,627,15,67,623,4,25,4
2019-06-30,Taiwan,TW,3,0,12,1,0,1,2,0,11
2019-06-30,Thailand,TH,88,80,3530,,,,88,80,3530
2019-06-30,Turkey,TR,1001,28,4362,546,24,2556,455,32,1806
2019-06-30,Ukraine,UA,32,56,94,26,62,88,6,33,6
2019-06-30,United Arab Emirates,AE,1,100,3,1,100,3,,,
2019-06-30,United Kingdom,GB,143,75,1061,23,87,463,120,73,598
2019-06-30,United States,US,445,41,39902,334,37,39657,111,53,245
2019-06-30,Uzbekistan,UZ,1,100,1,,,,1,100,1
2019-06-30,Venezuela,VE,3,0,27,2,0,25,1,0,2
2019-06-30,Vietnam,VN,81,80,1122,,,,81,80,1122
